﻿Code,License Type,Indicator Name,Long definition,Source,Topic,Periodicity,Aggregation method,Statistical concept and methodology,Development relevance,Limitations and exceptions,General comments,Notes from original source
SP.ADO.TFRT,CC BY-4.0,"Adolescent fertility rate (births per 1,000 women ages 15-19)","Adolescent fertility rate is the number of births per 1,000 women ages 15-19.","United Nations Population Division, World Population Prospects.",Health: Reproductive health,Annual,Weighted average,"Reproductive health is a state of physical and mental well-being in relation to the reproductive system and its functions and processes. Means of achieving reproductive health include education and services during pregnancy and childbirth, safe and effective contraception, and prevention and treatment of sexually transmitted diseases. Complications of pregnancy and childbirth are the leading cause of death and disability among women of reproductive age in developing countries.

Adolescent fertility rates are based on data on registered live births from vital registration systems or, in the absence of such systems, from censuses or sample surveys. The estimated rates are generally considered reliable measures of fertility in the recent past. Where no empirical information on age-specific fertility rates is available, a model is used to estimate the share of births to adolescents. For countries without vital registration systems fertility rates are generally based on extrapolations from trends observed in censuses or surveys from earlier years.",,,This is the Sustainable Development Goal indicator 3.7.2 [https://unstats.un.org/sdgs/metadata/].,
SP.DYN.SMAM.FE,CC BY-4.0,"Mean age at first marriage, female","Mean age at marriage, female shows the average length of single life expressed in years among those females who marry before age 50. It is a synthetic indicator calculated from marital status categories of men and women aged 15 to 54 at the census or survey date.","United Nations, Department of Economic and Social Affairs, Population Division. World Marriage Data 2019.",Health: Population: Dynamics,Annual,,,,"The estimates by age may be affected by age misreporting. Marital status may be misreported, particularly in societies where divorce or separation is not socially acceptable. The differences in marital status categories included over time and their definitions limit comparability of data across time and countries. Data derived from surveys with small samples are subject to sampling error.",,Note that the SMAM takes a single point in time and calculates the age at marriage from the marital status of the population aged between 15 and 50. This value is different from the mean age of marriage that is calculated from first marriage rates in a respective period (commonly used in countries with complete marriage registration systems) or cohort measures of entry into first marriage or union (based on retrospective survey questions on age at first marriage or union formation). The retrospective nature of the SMAM means that values are influenced by age and marital status specific mortality and migration.
SP.DYN.SMAM.MA,CC BY-4.0,"Mean age at first marriage, male","Mean age at marriage, male shows the average length of single life expressed in years among those males who marry before age 50. It is a synthetic indicator calculated from marital status categories of men and women aged 15 to 54 at the census or survey date.","United Nations, Department of Economic and Social Affairs, Population Division. World Marriage Data.",Health: Population: Dynamics,Annual,,,,"The estimates by age may be affected by age misreporting. Marital status may be misreported, particularly in societies where divorce or separation is not socially acceptable. The differences in marital status categories included over time and their definitions limit comparability of data across time and countries. Data derived from surveys with small samples are subject to sampling error.",,Note that the SMAM takes a single point in time and calculates the age at marriage from the marital status of the population aged between 15 and 50. This value is different from the mean age of marriage that is calculated from first marriage rates in a respective period (commonly used in countries with complete marriage registration systems) or cohort measures of entry into first marriage or union (based on retrospective survey questions on age at first marriage or union formation). The retrospective nature of the SMAM means that values are influenced by age and marital status specific mortality and migration.
SH.STA.BRTC.ZS,CC BY-4.0,Births attended by skilled health staff (% of total),"Births attended by skilled health staff are the percentage of deliveries attended by personnel trained to give the necessary supervision, care, and advice to women during pregnancy, labor, and the postpartum period; to conduct deliveries on their own; and to care for newborns.","UNICEF, State of the World's Children, Childinfo, and Demographic and Health Surveys.",Health: Reproductive health,Annual,Weighted average,,"Reproductive health is a state of physical and mental well-being in relation to the reproductive system and its functions and processes. Means of achieving reproductive health include education and services during pregnancy and childbirth, safe and effective contraception, and prevention and treatment of sexually transmitted diseases. Complications of pregnancy and childbirth are the leading cause of death and disability among women of reproductive age in developing countries.

The share of births attended by skilled health staff is an indicator of a health system's ability to provide adequate care for pregnant women.","For the indicators that are from household surveys, the year refers to the survey year. For more information, consult the original sources.",Assistance by trained professionals during birth reduces the incidence of maternal deaths during childbirth. The share of births attended by skilled health staff is an indicator of a health system’s ability to provide adequate care for pregnant women.

This is the Sustainable Development Goal indicator 3.1.2[https://unstats.un.org/sdgs/metadata/].,
SH.XPD.KHEX.GD.ZS,CC BY-4.0,Capital health expenditure (% of GDP),"Level of capital investments on health expressed as a percentage of GDP.  Capital health investments include health infrastructure (buildings, machinery, IT) and stocks of vaccines for emergency or outbreaks.",World Health Organization Global Health Expenditure database (http://apps.who.int/nha/database).,Health: Health systems,Annual,Weighted average,"The health expenditure estimates have been prepared by the World Health Organization under the framework of the System of Health Accounts 2011 (SHA 2011).  The Health SHA 2011 tracks all health spending in a given country over a defined period of time regardless of the entity or institution that financed and managed that spending. It generates consistent and comprehensive data on health spending in a country, which in turn can contribute to evidence-based policy-making.","Strengthening health financing is one objective of Sustainable Development Goal 3 (SDG target 3.c).  The levels and trends of health expenditure data identify key issues such as weaknesses and strengths and areas that need investment, for instance additional health facilities, better health information systems, or better trained human resources.  Health financing is also critical for reaching universal health coverage (UHC) defined as all people obtaining the quality health services they need without suffering financial hardship (SDG 3.8).  The data on out-of-pocket spending is a key indicator with regard to financial protection and hence of progress towards UHC.",,,The World Health Organization (WHO) has revised health expenditure data using the new international classification for health expenditures in the revised System of Health Accounts (SHA 2011).  WHO’s Global Health Expenditure Database in this new version is the reference source for health expenditure for international comparison imbedded in a standardized framework.  The SHA 2011 clarifies the financing mechanisms and introduces new dimensions which improve the comparability of health expenditures in the perspective of universal health coverage.
SH.XPD.CHEX.PC.CD,CC BY-4.0,Current health expenditure per capita (current US$),Current expenditures on health per capita in current US dollars. Estimates of current health expenditures include healthcare goods and services consumed during each year.,World Health Organization Global Health Expenditure database (http://apps.who.int/nha/database).,Health: Health systems,Annual,Weighted average,"The health expenditure estimates have been prepared by the World Health Organization under the framework of the System of Health Accounts 2011 (SHA 2011).  The Health SHA 2011 tracks all health spending in a given country over a defined period of time regardless of the entity or institution that financed and managed that spending. It generates consistent and comprehensive data on health spending in a country, which in turn can contribute to evidence-based policy-making.","Strengthening health financing is one objective of Sustainable Development Goal 3 (SDG target 3.c).  The levels and trends of health expenditure data identify key issues such as weaknesses and strengths and areas that need investment, for instance additional health facilities, better health information systems, or better trained human resources.  Health financing is also critical for reaching universal health coverage (UHC) defined as all people obtaining the quality health services they need without suffering financial hardship (SDG 3.8).  The data on out-of-pocket spending is a key indicator with regard to financial protection and hence of progress towards UHC.",,,The World Health Organization (WHO) has revised health expenditure data using the new international classification for health expenditures in the revised System of Health Accounts (SHA 2011).  WHO’s Global Health Expenditure Database in this new version is the reference source for health expenditure for international comparison imbedded in a standardized framework.  The SHA 2011 clarifies the financing mechanisms and introduces new dimensions which improve the comparability of health expenditures in the perspective of universal health coverage.
SH.XPD.GHED.PC.CD,CC BY-4.0,Domestic general government health expenditure per capita (current US$),Public expenditure on health from domestic sources per capita expressed in current US dollars.,World Health Organization Global Health Expenditure database (http://apps.who.int/nha/database).,Health: Health systems,Annual,Weighted average,"The health expenditure estimates have been prepared by the World Health Organization under the framework of the System of Health Accounts 2011 (SHA 2011).  The Health SHA 2011 tracks all health spending in a given country over a defined period of time regardless of the entity or institution that financed and managed that spending. It generates consistent and comprehensive data on health spending in a country, which in turn can contribute to evidence-based policy-making.","Strengthening health financing is one objective of Sustainable Development Goal 3 (SDG target 3.c).  The levels and trends of health expenditure data identify key issues such as weaknesses and strengths and areas that need investment, for instance additional health facilities, better health information systems, or better trained human resources.  Health financing is also critical for reaching universal health coverage (UHC) defined as all people obtaining the quality health services they need without suffering financial hardship (SDG 3.8).  The data on out-of-pocket spending is a key indicator with regard to financial protection and hence of progress towards UHC.",,,The World Health Organization (WHO) has revised health expenditure data using the new international classification for health expenditures in the revised System of Health Accounts (SHA 2011).  WHO’s Global Health Expenditure Database in this new version is the reference source for health expenditure for international comparison imbedded in a standardized framework.  The SHA 2011 clarifies the financing mechanisms and introduces new dimensions which improve the comparability of health expenditures in the perspective of universal health coverage.
SH.XPD.PVTD.PP.CD,CC BY-4.0,"Domestic private health expenditure per capita, PPP  (current international $)",Current private expenditures on health per capita expressed in international dollars at purchasing power parity (PPP time series based on ICP2011 PPP).,World Health Organization Global Health Expenditure database (http://apps.who.int/nha/database).,Health: Health systems,Annual,Weighted average,"The health expenditure estimates have been prepared by the World Health Organization under the framework of the System of Health Accounts 2011 (SHA 2011).  The Health SHA 2011 tracks all health spending in a given country over a defined period of time regardless of the entity or institution that financed and managed that spending. It generates consistent and comprehensive data on health spending in a country, which in turn can contribute to evidence-based policy-making.","Strengthening health financing is one objective of Sustainable Development Goal 3 (SDG target 3.c).  The levels and trends of health expenditure data identify key issues such as weaknesses and strengths and areas that need investment, for instance additional health facilities, better health information systems, or better trained human resources.  Health financing is also critical for reaching universal health coverage (UHC) defined as all people obtaining the quality health services they need without suffering financial hardship (SDG 3.8).  The data on out-of-pocket spending is a key indicator with regard to financial protection and hence of progress towards UHC.",,,The World Health Organization (WHO) has revised health expenditure data using the new international classification for health expenditures in the revised System of Health Accounts (SHA 2011).  WHO’s Global Health Expenditure Database in this new version is the reference source for health expenditure for international comparison imbedded in a standardized framework.  The SHA 2011 clarifies the financing mechanisms and introduces new dimensions which improve the comparability of health expenditures in the perspective of universal health coverage.
SH.XPD.EHEX.PC.CD,CC BY-4.0,External health expenditure per capita (current US$),Current external expenditures on health per capita expressed in current US dollars. External sources are composed of direct foreign transfers and foreign transfers distributed by government encompassing all financial inflows into the national health system from outside the country.,World Health Organization Global Health Expenditure database (http://apps.who.int/nha/database).,Health: Health systems,Annual,Weighted average,"The health expenditure estimates have been prepared by the World Health Organization under the framework of the System of Health Accounts 2011 (SHA 2011).  The Health SHA 2011 tracks all health spending in a given country over a defined period of time regardless of the entity or institution that financed and managed that spending. It generates consistent and comprehensive data on health spending in a country, which in turn can contribute to evidence-based policy-making.","Strengthening health financing is one objective of Sustainable Development Goal 3 (SDG target 3.c).  The levels and trends of health expenditure data identify key issues such as weaknesses and strengths and areas that need investment, for instance additional health facilities, better health information systems, or better trained human resources.  Health financing is also critical for reaching universal health coverage (UHC) defined as all people obtaining the quality health services they need without suffering financial hardship (SDG 3.8).  The data on out-of-pocket spending is a key indicator with regard to financial protection and hence of progress towards UHC.",,,The World Health Organization (WHO) has revised health expenditure data using the new international classification for health expenditures in the revised System of Health Accounts (SHA 2011).  WHO’s Global Health Expenditure Database in this new version is the reference source for health expenditure for international comparison imbedded in a standardized framework.  The SHA 2011 clarifies the financing mechanisms and introduces new dimensions which improve the comparability of health expenditures in the perspective of universal health coverage.
SH.MMR.RISK.ZS,CC BY-4.0,Lifetime risk of maternal death (%),"Life time risk of maternal death is the probability that a 15-year-old female will die eventually from a maternal cause assuming that current levels of fertility and mortality (including maternal mortality) do not change in the future, taking into account competing causes of death.","WHO, UNICEF, UNFPA, World Bank Group, and the United Nations Population Division. Trends in Maternal Mortality: 2000 to 2017. Geneva, World Health Organization, 2019",Health: Reproductive health,Annual,Weighted average,"Reproductive health is a state of physical and mental well-being in relation to the reproductive system and its functions and processes. Means of achieving reproductive health include education and services during pregnancy and childbirth, safe and effective contraception, and prevention and treatment of sexually transmitted diseases. Complications of pregnancy and childbirth are the leading cause of death and disability among women of reproductive age in developing countries.

Maternal mortality is generally of unknown reliability, as are many other cause-specific mortality indicators. Household surveys such as Demographic and Health Surveys attempt to measure maternal mortality by asking respondents about survivorship of sisters. The main disadvantage of this method is that the estimates of maternal mortality that it produces pertain to any time within the past few years before the survey, making them unsuitable for monitoring recent changes or observing the impact of interventions. In addition, measurement of maternal mortality is subject to many types of errors. Even in high-income countries with reliable vital registration systems, misclassification of maternal deaths has been found to lead to serious underestimation.

The estimates are based on an exercise by the Maternal Mortality Estimation Inter-Agency Group (MMEIG) which consists of World Health Organization (WHO), United Nations Children's Fund (UNICEF), World Bank, and United Nations Population Fund (UNFPA), and include country-level time series data. For countries without complete registration data but with other types of data and for countries with no data, maternal mortality is estimated with a regression model using available national maternal mortality data and socioeconomic information.

In countries with a high risk of maternal death, many girls die before reaching reproductive age. Lifetime risk of maternal mortality refers to the probability that a 15-year-old girl will eventually die due to a maternal cause.",,"The methodology differs from that used for previous estimates, so data should not be compared historically. Maternal mortality ratios are generally of unknown reliability, as are many other cause-specific mortality indicators. The probability cannot be assumed to provide an exact estimate of risk of maternal death.",,
SE.ADT.LITR.FE.ZS,CC BY-4.0,"Literacy rate, adult female (% of females ages 15 and above)",Adult literacy rate is the percentage of people ages 15 and above who can both read and write with understanding a short simple statement about their everyday life.,UNESCO Institute for Statistics (http://uis.unesco.org/). Data as of September 2020.,Education: Outcomes,Annual,Weighted average,"Literacy statistics for most countries cover the population ages 15 and older, but some include younger ages or are confined to age ranges that tend to inflate literacy rates. The youth literacy rate for ages 15-24 reflects recent progress in education. It measures the accumulated outcomes of primary education over the previous 10 years or so by indicating the proportion of the population who have passed through the primary education system and acquired basic literacy and numeracy skills. Generally, literacy also encompasses numeracy, the ability to make simple arithmetic calculations.

Data on literacy are compiled by the UNESCO Institute for Statistics based on national censuses and household surveys and, for countries without recent literacy data, using the Global Age-Specific Literacy Projection Model (GALP). For detailed information, see www.uis.unesco.org.","Literacy rate is an outcome indicator to evaluate educational attainment. This data can predict the quality of future labor force and can be used in ensuring policies for life skills for men and women.

It can be also used as a proxy instrument to see the effectiveness of education system; a high literacy rate suggests the capacity of an education system to provide a large population with opportunities to acquire literacy skills. The accumulated achievement of education is fundamental for further intellectual growth and social and economic development, although it doesn't necessarily ensure the quality of education.

Literate women implies that they can seek and use information for the betterment of the health, nutrition and education of their household members. Literate women are also empowered to play a meaningful role.","In practice, literacy is difficult to measure. Estimating literacy rates requires census or survey measurements under controlled conditions. Many countries report the number of literate people from self-reported data. Some use educational attainment data as a proxy but apply different lengths of school attendance or levels of completion. Ant there is a trend among recent national and international surveys toward using a direct reading test of literacy skills. Because definitions and methods of data collection differ across countries, data should be used cautiously.",,
SE.ADT.LITR.MA.ZS,CC BY-4.0,"Literacy rate, adult male (% of males ages 15 and above)",Adult literacy rate is the percentage of people ages 15 and above who can both read and write with understanding a short simple statement about their everyday life.,UNESCO Institute for Statistics (http://uis.unesco.org/). Data as of September 2020.,Education: Outcomes,Annual,Weighted average,"Literacy statistics for most countries cover the population ages 15 and older, but some include younger ages or are confined to age ranges that tend to inflate literacy rates. The youth literacy rate for ages 15-24 reflects recent progress in education. It measures the accumulated outcomes of primary education over the previous 10 years or so by indicating the proportion of the population who have passed through the primary education system and acquired basic literacy and numeracy skills. Generally, literacy also encompasses numeracy, the ability to make simple arithmetic calculations.

Data on literacy are compiled by the UNESCO Institute for Statistics based on national censuses and household surveys and, for countries without recent literacy data, using the Global Age-Specific Literacy Projection Model (GALP). For detailed information, see www.uis.unesco.org.","Literacy rate is an outcome indicator to evaluate educational attainment. This data can predict the quality of future labor force and can be used in ensuring policies for life skills for men and women.

It can be also used as a proxy instrument to see the effectiveness of education system; a high literacy rate suggests the capacity of an education system to provide a large population with opportunities to acquire literacy skills. The accumulated achievement of education is fundamental for further intellectual growth and social and economic development, although it doesn't necessarily ensure the quality of education.

Literate women implies that they can seek and use information for the betterment of the health, nutrition and education of their household members. Literate women are also empowered to play a meaningful role.","In practice, literacy is difficult to measure. Estimating literacy rates requires census or survey measurements under controlled conditions. Many countries report the number of literate people from self-reported data. Some use educational attainment data as a proxy but apply different lengths of school attendance or levels of completion. Ant there is a trend among recent national and international surveys toward using a direct reading test of literacy skills. Because definitions and methods of data collection differ across countries, data should be used cautiously.",,
SH.STA.STNT.ZS,CC BY-4.0,"Prevalence of stunting, height for age (% of children under 5)",Prevalence of stunting is the percentage of children under age 5 whose height for age is more than two standard deviations below the median for the international reference population ages 0-59 months. For children up to two years old height is measured by recumbent length. For older children height is measured by stature while standing. The data are based on the WHO's new child growth standards released in 2006.,"UNICEF, WHO, World Bank: Joint child malnutrition estimates (JME). Aggregation is based on UNICEF, WHO, and the World Bank harmonized dataset (adjusted, comparable data) and methodology.",Health: Nutrition,Annual,Linear mixed-effect model estimates,,,,"Undernourished children have lower resistance to infection and are more likely to die from common childhood ailments such as diarrheal diseases and respiratory infections. Frequent illness saps the nutritional status of those who survive, locking them into a vicious cycle of recurring sickness and faltering growth (UNICEF, www.childinfo.org). Estimates of child malnutrition, based on prevalence of underweight and stunting, are from national survey data. The proportion of underweight children is the most common malnutrition indicator. Being even mildly underweight increases the risk of death and inhibits cognitive development in children. And it perpetuates the problem across generations, as malnourished women are more likely to have low-birth-weight babies. Stunting, or being below median height for age, is often used as a proxy for multifaceted deprivation and as an indicator of long-term changes in malnutrition.",
SH.STA.MMRT,CC BY-4.0,"Maternal mortality ratio (modeled estimate, per 100,000 live births)","Maternal mortality ratio is the number of women who die from pregnancy-related causes while pregnant or within 42 days of pregnancy termination per 100,000 live births. The data are estimated with a regression model using information on the proportion of maternal deaths among non-AIDS deaths in women ages 15-49, fertility, birth attendants, and GDP measured using purchasing power parities (PPPs).","WHO, UNICEF, UNFPA, World Bank Group, and the United Nations Population Division. Trends in Maternal Mortality: 2000 to 2017. Geneva, World Health Organization, 2019",Health: Reproductive health,Annual,Weighted average,"Reproductive health is a state of physical and mental well-being in relation to the reproductive system and its functions and processes. Means of achieving reproductive health include education and services during pregnancy and childbirth, safe and effective contraception, and prevention and treatment of sexually transmitted diseases. Complications of pregnancy and childbirth are the leading cause of death and disability among women of reproductive age in developing countries.

Maternal mortality is generally of unknown reliability, as are many other cause-specific mortality indicators. Household surveys such as Demographic and Health Surveys attempt to measure maternal mortality by asking respondents about survivorship of sisters. The main disadvantage of this method is that the estimates of maternal mortality that it produces pertain to any time within the past few years before the survey, making them unsuitable for monitoring recent changes or observing the impact of interventions. In addition, measurement of maternal mortality is subject to many types of errors. Even in high-income countries with reliable vital registration systems, misclassification of maternal deaths has been found to lead to serious underestimation.

The estimates are based on an exercise by the Maternal Mortality Estimation Inter-Agency Group (MMEIG) which consists of World Health Organization (WHO), United Nations Children's Fund (UNICEF), World Bank, and United Nations Population Fund (UNFPA), and include country-level time series data. For countries without complete registration data but with other types of data and for countries with no data, maternal mortality is estimated with a regression model using available national maternal mortality data and socioeconomic information.",,"The methodology differs from that used for previous estimates, so data should not be compared historically. Maternal mortality ratios are generally of unknown reliability, as are many other cause-specific mortality indicators. The ratios cannot be assumed to provide an exact estimate of maternal mortality.",This indicator represents the risk associated with each pregnancy and is also a Sustainable Development Goal Indicator (3.1.1) for monitoring maternal health.,"Estimates of maternal mortality are presented along with upper and lower  limits of intervals (see footnote) designed to depict the uncertainty of estimates. The intervals are the product of a detailed probabilistic evaluation of the uncertainty attributable to the various components of the estimation process. For estimates derived from the multilevel regression model, the components of uncertainty were divided into two groups: those reflected within the regression model (internal sources), and those due to assumptions or calculations that occur outside the model (external sources). Estimates of the total uncertainty reflect a combination of these various sources."
SH.STA.OWGH.ZS,CC BY-4.0,"Prevalence of overweight, weight for height (% of children under 5)",Prevalence of overweight children is the percentage of children under age 5 whose weight for height is more than two standard deviations above the median for the international reference population of the corresponding age as established by the WHO's new child growth standards released in 2006.,"UNICEF, WHO, World Bank: Joint child malnutrition estimates (JME). Aggregation is based on UNICEF, WHO, and the World Bank harmonized dataset (adjusted, comparable data) and methodology.",Health: Nutrition,Annual,Linear mixed-effect model estimates,,,,"Estimates of overweight children are also from national survey data. Once considered only a high-income economy problem, overweight children have become a growing concern in developing countries. Research shows an association between childhood obesity and a high prevalence of diabetes, respiratory disease, high blood pressure, and psychosocial and orthopedic disorders (de Onis and Blössner 2003). Childhood obesity is associated with a higher chance of obesity, premature death, and disability in adulthood. In addition to increased future risks, obese children experience breathing difficulties and increased risk of fractures, hypertension, early markers of cardiovascular disease, insulin resistance, and psychological effects. Children in low- and middle-income countries are more vulnerable to inadequate nutrition before birth and in infancy and early childhood. Many of these children are exposed to high-fat, high-sugar, high-salt, calorie-dense, micronutrient-poor foods, which tend be lower in cost than more nutritious foods. These dietary patterns, in conjunction with low levels of physical activity, result in sharp increases in childhood obesity, while under-nutrition continues",
SP.M15.2024.FE.ZS,CC BY-4.0,Women who were first married by age 15 (% of women ages 20-24),Women who were first married by age 15 refers to the percentage of women ages 20-24 who were first married by age 15.,Demographic and Health Surveys (DHS),Gender: Agency,,,,"Although the legal age of marriage is defined as 18 years in most countries, the practice of child marriage remains widespread.  A women’s access to education and later her employment opportunities as well as the nature and terms of her work are often compromised by this practice.  Young married girls whose schooling is cut short often lack the knowledge and skills for formal work and are limited to occupations with lower incomes and inferior working conditions.  Sustainable Development Goal 5 commits to eliminate the practice of child marriage.",,This is the Sustainable Development Goal indicator 5.3.1[https://unstats.un.org/sdgs/metadata/].,
SE.SEC.NENR.FE,CC BY-4.0,"School enrollment, secondary, female (% net)","Net enrollment rate is the ratio of children of official school age who are enrolled in school to the population of the corresponding official school age. Secondary education completes the provision of basic education that began at the primary level, and aims at laying the foundations for lifelong learning and human development, by offering more subject- or skill-oriented instruction using more specialized teachers.",UNESCO Institute for Statistics (http://uis.unesco.org/). Data as of February 2020.,Education: Participation,Annual,Weighted average,"Net enrollment rate for secondary school is calculated by dividing the number of students of official school age enrolled in secondary education by the population of the age group which officially corresponds to secondary education, and multiplying by 100. 

Data on education are collected by the UNESCO Institute for Statistics from official responses to its annual education survey. All the data are mapped to the International Standard Classification of Education (ISCED) to ensure the comparability of education programs at the international level. The current version was formally adopted by UNESCO Member States in 2011. Population data are drawn from the United Nations Population Division. Using a single source for population data standardizes definitions, estimations, and interpolation methods, ensuring a consistent methodology across countries and minimizing potential enumeration problems in national censuses.

The reference years reflect the school year for which the data are presented. In some countries the school year spans two calendar years (for example, from September 2010 to June 2011); in these cases the reference year refers to the year in which the school year ended (2011 in the example).","Gross enrollment ratios indicate the capacity of each level of the education system, but a high ratio may reflect a substantial number of overage children enrolled in each grade because of repetition or late entry rather than a successful education system. The net enrollment rate excludes overage and underage students and more accurately captures the system's coverage and internal efficiency. Differences between the gross enrollment ratio and the net enrollment rate show the incidence of overage and underage enrollments.","Enrollment indicators are based on annual school surveys, but do not necessarily reflect actual attendance or dropout rates during the year. Also, the length of education differs across countries and can influence enrollment rates, although the International Standard Classification of Education (ISCED) tries to minimize the difference. For example, a shorter duration for primary education tends to increase the rate; a longer one to decrease it (in part because older children are more at risk of dropping out). Moreover, age at enrollment may be inaccurately estimated or misstated, especially in communities where registration of births is not strictly enforced.",,
SE.SEC.NENR.MA,CC BY-4.0,"School enrollment, secondary, male (% net)","Net enrollment rate is the ratio of children of official school age who are enrolled in school to the population of the corresponding official school age. Secondary education completes the provision of basic education that began at the primary level, and aims at laying the foundations for lifelong learning and human development, by offering more subject- or skill-oriented instruction using more specialized teachers.",UNESCO Institute for Statistics (http://uis.unesco.org/). Data as of February 2020.,Education: Participation,Annual,Weighted average,"Net enrollment rate for secondary school is calculated by dividing the number of students of official school age enrolled in secondary education by the population of the age group which officially corresponds to secondary education, and multiplying by 100. 

Data on education are collected by the UNESCO Institute for Statistics from official responses to its annual education survey. All the data are mapped to the International Standard Classification of Education (ISCED) to ensure the comparability of education programs at the international level. The current version was formally adopted by UNESCO Member States in 2011. Population data are drawn from the United Nations Population Division. Using a single source for population data standardizes definitions, estimations, and interpolation methods, ensuring a consistent methodology across countries and minimizing potential enumeration problems in national censuses.

The reference years reflect the school year for which the data are presented. In some countries the school year spans two calendar years (for example, from September 2010 to June 2011); in these cases the reference year refers to the year in which the school year ended (2011 in the example).","Gross enrollment ratios indicate the capacity of each level of the education system, but a high ratio may reflect a substantial number of overage children enrolled in each grade because of repetition or late entry rather than a successful education system. The net enrollment rate excludes overage and underage students and more accurately captures the system's coverage and internal efficiency. Differences between the gross enrollment ratio and the net enrollment rate show the incidence of overage and underage enrollments.","Enrollment indicators are based on annual school surveys, but do not necessarily reflect actual attendance or dropout rates during the year. Also, the length of education differs across countries and can influence enrollment rates, although the International Standard Classification of Education (ISCED) tries to minimize the difference. For example, a shorter duration for primary education tends to increase the rate; a longer one to decrease it (in part because older children are more at risk of dropping out). Moreover, age at enrollment may be inaccurately estimated or misstated, especially in communities where registration of births is not strictly enforced.",,
SE.XPD.TOTL.GD.ZS,CC BY-4.0,"Government expenditure on education, total (% of GDP)","General government expenditure on education (current, capital, and transfers) is expressed as a percentage of GDP. It includes expenditure funded by transfers from international sources to government. General government usually refers to local, regional and central governments.",UNESCO Institute for Statistics (http://uis.unesco.org/). Data as of September 2020.,Education: Inputs,Annual,Median,"Government expenditure on education, total (% of GDP) is calculated by dividing total government expenditure for all levels of education by the GDP, and multiplying by 100. Aggregate data are based on World Bank estimates.

Data on education are collected by the UNESCO Institute for Statistics from official responses to its annual education survey. All the data are mapped to the International Standard Classification of Education (ISCED) to ensure the comparability of education programs at the international level. The current version was formally adopted by UNESCO Member States in 2011. GDP data come from the World Bank. 

The reference years reflect the school year for which the data are presented. In some countries the school year spans two calendar years (for example, from September 2010 to June 2011); in these cases the reference year refers to the year in which the school year ended (2011 in the example).",The percentage of government expenditure on education to GDP is useful to compare education expenditure between countries and/or over time in relation to the size of their economy; A high percentage to GDP suggests a high priority for education and a capacity of raising revenues for public spending. Note that government expenditure appears lower in some countries where the private sector and/or households have a large share in total funding for education.,Data may refer to spending by the ministry of education only (excluding spending on educational activities by other ministries).,,
